Date,sector,Daily_PnL_KRW,Prev_MV_KRW
2025-01-01,Consumer Cyclical,0.0,
2025-01-01,Energy,0.0,
2025-01-01,Healthcare,0.0,
2025-01-01,Technology,0.0,
2025-01-02,Consumer Cyclical,-7780185.703125086,
2025-01-02,Energy,4715264.062500067,
2025-01-02,Healthcare,3935477.268164095,
2025-01-02,Technology,36115386.270703115,
2025-01-03,Consumer Cyclical,19602378.325195428,
2025-01-03,Energy,8241240.136718699,
2025-01-03,Healthcare,2531826.7020019325,
2025-01-03,Technology,8444622.170092784,
2025-01-04,Consumer Cyclical,0.0,
2025-01-04,Energy,0.0,
2025-01-04,Healthcare,0.0,
2025-01-04,Technology,0.0,
2025-01-06,Consumer Cyclical,2497263.169921853,
2025-01-06,Energy,3048302.46093756,
2025-01-06,Financial Services,0.0,
2025-01-06,Healthcare,-10884784.633593747,
2025-01-06,Technology,18780767.325439457,
2025-01-07,Consumer Cyclical,-12434513.58398444,
2025-01-07,Energy,9106967.695312431,
2025-01-07,Financial Services,437834.9853515532,
2025-01-07,Healthcare,5259273.844042931,
2025-01-07,Technology,4448695.341162033,
2025-01-08,Consumer Cyclical,-4495020.495117185,
2025-01-08,Energy,-4181414.4140624935,
2025-01-08,Financial Services,-871128.002929669,
2025-01-08,Healthcare,8898862.925927775,
2025-01-08,Technology,-7168802.712109238,
2025-01-09,Consumer Cyclical,0.0,
2025-01-09,Energy,0.0,
2025-01-09,Financial Services,0.0,
2025-01-09,Healthcare,0.0,
2025-01-09,Technology,0.0,
2025-01-10,Consumer Cyclical,-33860291.18554683,
2025-01-10,Energy,1280602.3828124935,
2025-01-10,Financial Services,-8294810.888671931,
2025-01-10,Healthcare,8119019.107031218,
2025-01-10,Technology,-28778919.139746297,
2025-01-11,Consumer Cyclical,0.0,
2025-01-11,Energy,0.0,
2025-01-11,Financial Services,0.0,
2025-01-11,Healthcare,0.0,
2025-01-11,Technology,0.0,
2025-01-13,Consumer Cyclical,-848015.999999982,
2025-01-13,Energy,16253640.00000003,
2025-01-13,Financial Services,5741775.000000034,
2025-01-13,Healthcare,-1567651.7999999735,
2025-01-13,Technology,-34600819.49999996,
2025-01-14,Consumer Cyclical,-1225467.6123047173,
2025-01-14,Energy,-7002672.070312516,
2025-01-14,Financial Services,-7440339.074707028,
2025-01-14,Healthcare,-33745293.15083011,
2025-01-14,Technology,17175803.920459058,
2025-01-15,Consumer Cyclical,9796631.12695313,
2025-01-15,Energy,7243782.109375053,
2025-01-15,Financial Services,21906599.12109375,
2025-01-15,Healthcare,1175946.2408203387,
2025-01-15,Technology,35452471.66562499,
2025-01-16,Consumer Cyclical,-4639346.065429684,
2025-01-16,Energy,-4599103.906250065,
2025-01-16,Financial Services,-5605157.885742221,
2025-01-16,Healthcare,6867611.908007821,
2025-01-16,Technology,19220805.00019521,
2025-01-17,Consumer Cyclical,9208235.179687502,
2025-01-17,Energy,-3836764.658203105,
2025-01-17,Financial Services,10899899.597167969,
2025-01-17,Healthcare,-20386009.550585933,
2025-01-17,Technology,26110055.491040215,
2025-01-18,Consumer Cyclical,0.0,
2025-01-18,Energy,0.0,
2025-01-18,Financial Services,0.0,
2025-01-18,Healthcare,0.0,
2025-01-18,Technology,0.0,
2025-01-20,Consumer Cyclical,0.0,
2025-01-20,Energy,0.0,
2025-01-20,Financial Services,0.0,
2025-01-20,Healthcare,0.0,
2025-01-20,Technology,0.0,
2025-01-21,Consumer Cyclical,8216973.887695331,
2025-01-21,Energy,-24461431.69921878,
2025-01-21,Financial Services,-2153295.0439452664,
2025-01-21,Healthcare,21008120.660742182,
2025-01-21,Technology,64294518.95214817,
2025-01-22,Consumer Cyclical,7357076.601562471,
2025-01-22,Energy,-5988318.164062403,
2025-01-22,Financial Services,21814587.59765624,
2025-01-22,Healthcare,14592105.575781245,
2025-01-22,Technology,109095465.47089863,
2025-01-23,Consumer Cyclical,705695.2631835879,
2025-01-23,Energy,2409691.142578135,
2025-01-23,Financial Services,8606039.794921845,
2025-01-23,Healthcare,15929205.924414068,
2025-01-23,Technology,-140682358.79160178,
2025-01-24,Consumer Cyclical,16455781.296386767,
2025-01-24,Energy,-18067518.676757887,
2025-01-24,Financial Services,6452685.241699235,
2025-01-24,Healthcare,23735557.39306634,
2025-01-24,Technology,-91166978.5268556,
2025-01-25,Consumer Cyclical,0.0,
2025-01-25,Energy,0.0,
2025-01-25,Financial Services,0.0,
2025-01-25,Healthcare,0.0,
2025-01-25,Technology,0.0,
2025-01-27,Consumer Cyclical,5830440.9399413625,
2025-01-27,Energy,4625521.215820366,
2025-01-27,Financial Services,-856578.0029296693,
2025-01-27,Healthcare,28593715.841796864,
2025-01-27,Technology,-340758150.6054687,
2025-01-28,Consumer Cyclical,73159002.58740245,
2025-01-28,Energy,-9528422.69531254,
2025-01-28,Financial Services,13612032.421875013,
2025-01-28,Healthcare,-3967907.4509765003,
2025-01-28,Technology,135944218.54929215,
2025-01-29,Consumer Cyclical,6096330.2812499525,
2025-01-29,Energy,-2944250.4199219043,
2025-01-29,Financial Services,-3896802.0263671814,
2025-01-29,Healthcare,-1155762.6158202721,
2025-01-29,Technology,47310929.07612269,
2025-01-30,Consumer Cyclical,65301567.649902284,
2025-01-30,Energy,1558785.5419922466,
2025-01-30,Financial Services,38536642.56591792,
2025-01-30,Healthcare,24322827.73486325,
2025-01-30,Technology,-20272871.96557593,
2025-01-31,Consumer Cyclical,-39720617.261718616,
2025-01-31,Energy,-39270819.33105474,
2025-01-31,Financial Services,-8649960.205078095,
2025-01-31,Healthcare,-15414229.08544919,
2025-01-31,Technology,6758502.240234099,
2025-02-01,Consumer Cyclical,0.0,
2025-02-01,Energy,0.0,
2025-02-01,Financial Services,0.0,
2025-02-01,Healthcare,0.0,
2025-02-01,Technology,0.0,
2025-02-03,Consumer Cyclical,-4341204.487304788,
2025-02-03,Energy,-4894780.89843752,
2025-02-03,Financial Services,-4370340.08789061,
2025-02-03,Healthcare,-833278.1767579291,
2025-02-03,Technology,-73578463.00771478,
2025-02-04,Consumer Cyclical,71423417.99023432,
2025-02-04,Energy,21360492.714843854,
2025-02-04,Financial Services,7003440.2343750065,
2025-02-04,Healthcare,20081197.632031377,
2025-02-04,Technology,56341509.4455081,
2025-02-05,Consumer Cyclical,-61892830.25878897,
2025-02-05,Energy,-4002441.694336007,
2025-02-05,Financial Services,11311248.266601553,
2025-02-05,Healthcare,20558628.772558466,
2025-02-05,Technology,75955032.11022972,
2025-02-06,Consumer Cyclical,23032933.513671827,
2025-02-06,Energy,-6584138.46679692,
2025-02-06,Financial Services,9529674.096679637,
2025-02-06,Healthcare,35818868.37138679,
2025-02-06,Technology,-17812693.554712124,
2025-02-07,Consumer Cyclical,35609568.40283217,
2025-02-07,Energy,-3461160.0585936764,
2025-02-07,Financial Services,-2163225.0366210476,
2025-02-07,Healthcare,10076590.650585862,
2025-02-07,Technology,-53122461.43930641,
2025-02-08,Consumer Cyclical,0.0,
2025-02-08,Energy,0.0,
2025-02-08,Financial Services,0.0,
2025-02-08,Healthcare,0.0,
2025-02-08,Technology,0.0,
2025-02-10,Consumer Cyclical,138365937.61425757,
2025-02-10,Energy,27851903.906250026,
2025-02-10,Financial Services,9574091.967773387,
2025-02-10,Healthcare,-12037824.967480404,
2025-02-10,Technology,142610741.84396982,
2025-02-11,Communication Services,0.0,
2025-02-11,Consumer Cyclical,23948900.156250138,
2025-02-11,Energy,4010859.492187446,
2025-02-11,Financial Services,-435962.98828124074,
2025-02-11,Healthcare,-4961840.090624995,
2025-02-11,Technology,108978830.74863261,
2025-02-12,Communication Services,5897298.750000017,
2025-02-12,Consumer Cyclical,73094587.9999999,
2025-02-12,Energy,-13579020.00000002,
2025-02-12,Financial Services,-13056749.999999952,
2025-02-12,Healthcare,10174980.200000035,
2025-02-12,Technology,44780010.09999961,
2025-02-13,Communication Services,-25092633.515625022,
2025-02-13,Consumer Cyclical,43801747.532715045,
2025-02-13,Energy,871271.9970703868,
2025-02-13,Financial Services,6534539.978027281,
2025-02-13,Healthcare,-1418430.8112304863,
2025-02-13,Technology,203983652.07409707,
2025-02-14,Communication Services,-18495002.574462876,
2025-02-14,Consumer Cyclical,98950781.56835926,
2025-02-14,Energy,3107678.378906245,
2025-02-14,Financial Services,0.0,
2025-02-14,Healthcare,-34931455.97089847,
2025-02-14,Technology,-93922385.30249055,
2025-02-15,Communication Services,0.0,
2025-02-15,Consumer Cyclical,0.0,
2025-02-15,Energy,0.0,
2025-02-15,Financial Services,0.0,
2025-02-15,Healthcare,0.0,
2025-02-15,Technology,0.0,
2025-02-17,Communication Services,0.0,
2025-02-17,Consumer Cyclical,0.0,
2025-02-17,Energy,0.0,
2025-02-17,Financial Services,0.0,
2025-02-17,Healthcare,0.0,
2025-02-17,Technology,0.0,
2025-02-18,Communication Services,-60088823.01855473,
2025-02-18,Consumer Cyclical,59288907.046875075,
2025-02-18,Energy,13490474.76562502,
2025-02-18,Financial Services,0.0,
2025-02-18,Healthcare,16399574.580468832,
2025-02-18,Technology,81683671.6738283,
2025-02-19,Communication Services,-6190903.731079075,
2025-02-19,Consumer Cyclical,-40466246.76513677,
2025-02-19,Energy,37154062.86621091,
2025-02-19,Financial Services,0.0,
2025-02-19,Healthcare,12482613.059081916,
2025-02-19,Technology,2315936.58532688,
2025-02-20,Communication Services,-21850256.22363279,
2025-02-20,Consumer Cyclical,153196590.16210926,
2025-02-20,Energy,19007735.742187522,
2025-02-20,Financial Services,0.0,
2025-02-20,Healthcare,7691797.063671938,
2025-02-20,Technology,87750940.02978545,
2025-02-21,Communication Services,-10545901.840332037,
2025-02-21,Consumer Cyclical,82305566.79296885,
2025-02-21,Energy,-28691267.021484405,
2025-02-21,Financial Services,0.0,
2025-02-21,Healthcare,705541.7359374312,
2025-02-21,Technology,-220307125.08642617,
2025-02-22,Communication Services,0.0,
2025-02-22,Consumer Cyclical,0.0,
2025-02-22,Energy,0.0,
2025-02-22,Financial Services,0.0,
2025-02-22,Healthcare,0.0,
2025-02-22,Technology,0.0,
2025-02-24,Communication Services,-20371221.424804695,
2025-02-24,Consumer Cyclical,-250541784.02343768,
2025-02-24,Energy,-9638429.06250004,
2025-02-24,Financial Services,0.0,
2025-02-24,Healthcare,9743992.809375035,
2025-02-24,Technology,-240873234.87011707,
2025-02-25,Communication Services,6243200.606689407,
2025-02-25,Consumer Cyclical,69375245.18554683,
2025-02-25,Energy,-16629486.284179667,
2025-02-25,Financial Services,0.0,
2025-02-25,Healthcare,25647125.23828122,
2025-02-25,Technology,-159958799.98352057,
2025-02-26,Communication Services,760494.0000000031,
2025-02-26,Consumer Cyclical,86730624.00000033,
2025-02-26,Energy,-5832360.000000059,
2025-02-26,Financial Services,0.0,
2025-02-26,Healthcare,16617651.600000046,
2025-02-26,Technology,128457729.00000001,
2025-02-27,Communication Services,-4905716.550292922,
2025-02-27,Consumer Cyclical,-29979378.918457016,
2025-02-27,Energy,1721304.0527343994,
2025-02-27,Financial Services,0.0,
2025-02-27,Healthcare,-12433552.940917997,
2025-02-27,Technology,-194873135.0701902,
2025-02-28,Communication Services,-9972136.97924806,
2025-02-28,Consumer Cyclical,-26642627.090820495,
2025-02-28,Energy,3305680.766601647,
2025-02-28,Financial Services,0.0,
2025-02-28,Healthcare,19737813.896582067,
2025-02-28,Technology,31812827.79858396,
2025-03-01,Communication Services,0.0,
2025-03-01,Consumer Cyclical,0.0,
2025-03-01,Energy,0.0,
2025-03-01,Financial Services,0.0,
2025-03-01,Healthcare,0.0,
2025-03-01,Technology,0.0,
2025-03-03,Communication Services,-11815621.595214898,
2025-03-03,Consumer Cyclical,-26615074.490234263,
2025-03-03,Energy,-41867065.40039063,
2025-03-03,Financial Services,0.0,
2025-03-03,Healthcare,11677232.550585978,
2025-03-03,Technology,-58464991.95556645,
2025-03-04,Communication Services,15678579.79760749,
2025-03-04,Consumer Cyclical,-9972241.567382876,
2025-03-04,Energy,1399612.8515624702,
2025-03-04,Financial Services,0.0,
2025-03-04,Healthcare,-23940377.825976666,
2025-03-04,Technology,15386993.786865238,
2025-03-05,Communication Services,26113525.46118158,
2025-03-05,Consumer Cyclical,98910026.33789068,
2025-03-05,Energy,-17782883.70117193,
2025-03-05,Financial Services,0.0,
2025-03-05,Healthcare,23856958.879101668,
2025-03-05,Technology,115671556.50622554,
2025-03-06,Communication Services,8280106.308105497,
2025-03-06,Consumer Cyclical,-21991777.646484517,
2025-03-06,Energy,3463272.0703125494,
2025-03-06,Financial Services,0.0,
2025-03-06,Healthcare,-21536934.581250045,
2025-03-06,Technology,-159513982.46850586,
2025-03-07,Communication Services,7750346.999999981,
2025-03-07,Consumer Cyclical,2910358.000000148,
2025-03-07,Energy,26557740.000000022,
2025-03-07,Financial Services,0.0,
2025-03-07,Healthcare,-54964685.59999994,
2025-03-07,Technology,50069151.00000002,
2025-03-08,Communication Services,0.0,
2025-03-08,Consumer Cyclical,0.0,
2025-03-08,Energy,0.0,
2025-03-08,Financial Services,0.0,
2025-03-08,Healthcare,0.0,
2025-03-08,Technology,0.0,
2025-03-10,Communication Services,-12145691.562011685,
2025-03-10,Consumer Cyclical,-73614634.49707043,
2025-03-10,Energy,2082614.4140624555,
2025-03-10,Financial Services,0.0,
2025-03-10,Healthcare,-50679264.758203186,
2025-03-10,Technology,-202946435.8703612,
2025-03-11,Communication Services,10409022.529296849,
2025-03-11,Consumer Cyclical,56456999.575195484,
2025-03-11,Energy,-18883109.17968747,
2025-03-11,Financial Services,0.0,
2025-03-11,Healthcare,-7308462.626953184,
2025-03-11,Technology,33465065.712890636,
2025-03-12,Communication Services,-11413723.473632775,
2025-03-12,Consumer Cyclical,-11271523.511718975,
2025-03-12,Energy,-3134203.242187495,
2025-03-12,Financial Services,0.0,
2025-03-12,Healthcare,-2809174.757812413,
2025-03-12,Technology,34830284.548827976,
2025-03-13,Communication Services,10239764.999999998,
2025-03-13,Consumer Cyclical,-25713863.749999925,
2025-03-13,Energy,-11300249.999999976,
2025-03-13,Financial Services,0.0,
2025-03-13,Healthcare,-25765729.000000045,
2025-03-13,Technology,-92169474.9999998,
2025-03-14,Communication Services,-2429800.527343816,
2025-03-14,Consumer Cyclical,63247475.20996088,
2025-03-14,Energy,18833860.54687497,
2025-03-14,Financial Services,0.0,
2025-03-14,Healthcare,15128705.388671927,
2025-03-14,Technology,126319109.59228511,
2025-03-15,Communication Services,0.0,
2025-03-15,Consumer Cyclical,0.0,
2025-03-15,Energy,0.0,
2025-03-15,Financial Services,0.0,
2025-03-15,Healthcare,0.0,
2025-03-15,Technology,0.0,
2025-03-17,Communication Services,46528997.06787111,
2025-03-17,Consumer Cyclical,5296277.928466834,
2025-03-17,Energy,12693678.42773432,
2025-03-17,Financial Services,0.0,
2025-03-17,Healthcare,14383850.404687466,
2025-03-17,Technology,53213464.94311521,
2025-03-18,Communication Services,1315550.8710937998,
2025-03-18,Consumer Cyclical,-91856320.08813459,
2025-03-18,Energy,6750853.154296885,
2025-03-18,Financial Services,0.0,
2025-03-18,Healthcare,-2856130.1806640625,
2025-03-18,Technology,-45894261.52929698,
2025-03-19,Communication Services,-23510499.48925787,
2025-03-19,Consumer Cyclical,78822332.81249984,
2025-03-19,Energy,5390056.582031289,
2025-03-19,Financial Services,0.0,
2025-03-19,Healthcare,18488473.65234375,
2025-03-19,Technology,-11823349.92187509,
2025-03-20,Communication Services,-21774981.760986324,
2025-03-20,Consumer Cyclical,-53209129.5,
2025-03-20,Energy,0.0,
2025-03-20,Financial Services,0.0,
2025-03-20,Healthcare,7062218.66367195,
2025-03-20,Technology,-1964453.8099366166,
2025-03-21,Communication Services,1503931.2648926352,
2025-03-21,Consumer Cyclical,44423139.29223636,
2025-03-21,Energy,-351796.78710943,
2025-03-21,Financial Services,0.0,
2025-03-21,Healthcare,-6449607.763671875,
2025-03-21,Technology,-94334308.4633788,
2025-03-22,Communication Services,0.0,
2025-03-22,Consumer Cyclical,0.0,
2025-03-22,Energy,0.0,
2025-03-22,Financial Services,0.0,
2025-03-22,Healthcare,0.0,
2025-03-22,Technology,0.0,
2025-03-24,Communication Services,7402998.268066397,
2025-03-24,Consumer Cyclical,172580383.05175763,
2025-03-24,Energy,-351547.20703118003,
2025-03-24,Financial Services,0.0,
2025-03-24,Healthcare,35228545.61660147,
2025-03-24,Technology,94293749.60595708,
2025-03-25,Communication Services,-2730194.7763672383,
2025-03-25,Consumer Cyclical,38008651.44628919,
2025-03-25,Energy,19178811.855468687,
2025-03-25,Financial Services,0.0,
2025-03-25,Healthcare,-16193486.095703065,
2025-03-25,Technology,-21369419.264648158,
2025-03-26,Communication Services,11778596.764648464,
2025-03-26,Consumer Cyclical,-89835193.76989728,
2025-03-26,Energy,12983358.89648441,
2025-03-26,Financial Services,0.0,
2025-03-26,Healthcare,-32925096.35830082,
2025-03-26,Technology,-105457625.05468774,
2025-03-27,Communication Services,5124017.467773447,
2025-03-27,Consumer Cyclical,27284367.039855897,
2025-03-27,Energy,-4221158.554687534,
2025-03-27,Financial Services,0.0,
2025-03-27,Healthcare,-6565074.096582072,
2025-03-27,Technology,-79839989.56579599,
2025-03-28,Communication Services,-28053669.3811035,
2025-03-28,Consumer Cyclical,-109453898.2317504,
2025-03-28,Energy,-11929022.519531244,
2025-03-28,Financial Services,0.0,
2025-03-28,Healthcare,1080629.098828166,
2025-03-28,Technology,-123808927.23059066,
2025-03-29,Communication Services,0.0,
2025-03-29,Consumer Cyclical,0.0,
2025-03-29,Energy,0.0,
2025-03-29,Financial Services,0.0,
2025-03-29,Healthcare,0.0,
2025-03-29,Technology,0.0,
2025-03-31,Communication Services,-7482235.894042987,
2025-03-31,Consumer Cyclical,-67814742.48742695,
2025-03-31,Energy,9345447.817382833,
2025-03-31,Financial Services,0.0,
2025-03-31,Healthcare,4396474.822265595,
2025-03-31,Technology,-48897557.707397565,
2025-04-01,Communication Services,-2237379.1406250317,
2025-04-01,Consumer Cyclical,53402707.38281232,
2025-04-01,Energy,-3002798.3203125303,
2025-04-01,Financial Services,0.0,
2025-04-01,Healthcare,-26787316.15312494,
2025-04-01,Technology,63581310.51269524,
2025-04-02,Communication Services,1675765.766601626,
2025-04-02,Consumer Cyclical,59086912.94238293,
2025-04-02,Energy,2469549.5507812602,
2025-04-02,Financial Services,0.0,
2025-04-02,Healthcare,16803520.729101576,
2025-04-02,Technology,30038836.35131832,
2025-04-03,Communication Services,-11866128.076171929,
2025-04-03,Consumer Cyclical,-105478648.7304686,
2025-04-03,Energy,-95527168.9453125,
2025-04-03,Financial Services,0.0,
2025-04-03,Healthcare,-37581056.77734374,
2025-04-03,Technology,-399453395.48339814,
2025-04-04,Communication Services,-40627745.58422846,
2025-04-04,Consumer Cyclical,-195918693.29382318,
2025-04-04,Energy,-58491419.76562499,
2025-04-04,Financial Services,0.0,
2025-04-04,Healthcare,-64953328.99687499,
2025-04-04,Technology,-254317269.53601098,
2025-04-05,Communication Services,0.0,
2025-04-05,Consumer Cyclical,0.0,
2025-04-05,Energy,0.0,
2025-04-05,Financial Services,0.0,
2025-04-05,Healthcare,0.0,
2025-04-05,Technology,0.0,
2025-04-07,Communication Services,-14798144.118164074,
2025-04-07,Consumer Cyclical,-42180398.96484378,
2025-04-07,Energy,-31329010.019531235,
2025-04-07,Financial Services,0.0,
2025-04-07,Healthcare,-18585045.49687502,
2025-04-07,Technology,43433267.6616212,
2025-04-08,Communication Services,-16198848.461914094,
2025-04-08,Consumer Cyclical,-92680344.42138678,
2025-04-08,Energy,-46568014.45312501,
2025-04-08,Financial Services,0.0,
2025-04-08,Healthcare,3246825.452148426,
2025-04-08,Technology,-77370815.67993164,
2025-04-09,Communication Services,21064406.689209007,
2025-04-09,Consumer Cyclical,148014090.09631354,
2025-04-09,Energy,0.0,
2025-04-09,Financial Services,0.0,
2025-04-09,Healthcare,35925112.286035195,
2025-04-09,Technology,412476868.9852295,
2025-04-10,Communication Services,-11632460.80664065,
2025-04-10,Consumer Cyclical,-63769161.69360354,
2025-04-10,Energy,0.0,
2025-04-10,Financial Services,0.0,
2025-04-10,Healthcare,-20839085.69531254,
2025-04-10,Technology,-79352269.5666504,
2025-04-11,Communication Services,23505624.15234378,
2025-04-11,Consumer Cyclical,41452839.035156235,
2025-04-11,Energy,0.0,
2025-04-11,Financial Services,0.0,
2025-04-11,Healthcare,7347322.59765625,
2025-04-11,Technology,49205280.80371088,
2025-04-12,Communication Services,0.0,
2025-04-12,Consumer Cyclical,0.0,
2025-04-12,Energy,0.0,
2025-04-12,Financial Services,0.0,
2025-04-12,Healthcare,0.0,
2025-04-12,Technology,0.0,
2025-04-14,Communication Services,19790071.98095697,
2025-04-14,Consumer Cyclical,-8859129.45483393,
2025-04-14,Energy,0.0,
2025-04-14,Financial Services,0.0,
2025-04-14,Healthcare,13698941.551367221,
2025-04-14,Technology,757772.7260742714,
2025-04-15,Communication Services,22645427.381103557,
2025-04-15,Consumer Cyclical,32064698.792724542,
2025-04-15,Energy,0.0,
2025-04-15,Financial Services,10787592.333984347,
2025-04-15,Healthcare,1767461.8387206576,
2025-04-15,Technology,19447474.02209484,
2025-04-16,Communication Services,-21756347.217773348,
2025-04-16,Consumer Cyclical,-30241408.253906175,
2025-04-16,Energy,0.0,
2025-04-16,Financial Services,-2283232.031249951,
2025-04-16,Healthcare,-13989362.655468732,
2025-04-16,Technology,-148803939.5566408,
2025-04-17,Communication Services,13132539.598632775,
2025-04-17,Consumer Cyclical,18270437.11767573,
2025-04-17,Energy,0.0,
2025-04-17,Financial Services,11313839.84374996,
2025-04-17,Healthcare,65374760.76914066,
2025-04-17,Technology,-22811529.584960945,
2025-04-18,Communication Services,0.0,
2025-04-18,Consumer Cyclical,0.0,
2025-04-18,Energy,0.0,
2025-04-18,Financial Services,0.0,
2025-04-18,Healthcare,0.0,
2025-04-18,Technology,0.0,
2025-04-19,Communication Services,0.0,
2025-04-19,Consumer Cyclical,0.0,
2025-04-19,Energy,0.0,
2025-04-19,Financial Services,0.0,
2025-04-19,Healthcare,0.0,
2025-04-19,Technology,0.0,
2025-04-21,Communication Services,-15361366.047851503,
2025-04-21,Consumer Cyclical,-66644173.59960944,
2025-04-21,Energy,0.0,
2025-04-21,Financial Services,-16405067.773437452,
2025-04-21,Healthcare,-13652410.539453158,
2025-04-21,Technology,-79138895.47705062,
2025-04-22,Communication Services,47141582.885742106,
2025-04-22,Consumer Cyclical,39781752.529907264,
2025-04-22,Energy,0.0,
2025-04-22,Financial Services,27295488.28124992,
2025-04-22,Healthcare,5954965.693359364,
2025-04-22,Technology,45233741.986084,
2025-04-23,Communication Services,15947236.43310555,
2025-04-23,Consumer Cyclical,4702133.703613248,
2025-04-23,Energy,0.0,
2025-04-23,Financial Services,17150639.64843754,
2025-04-23,Healthcare,1182250.7597656222,
2025-04-23,Technology,63498814.07836906,
2025-04-24,Communication Services,25907184.013183564,
2025-04-24,Consumer Cyclical,44603663.5231934,
2025-04-24,Energy,0.0,
2025-04-24,Financial Services,14835079.492187487,
2025-04-24,Healthcare,19023707.128808632,
2025-04-24,Technology,69921723.70654306,
2025-04-25,Communication Services,23636032.64843745,
2025-04-25,Consumer Cyclical,150591044.41015625,
2025-04-25,Energy,0.0,
2025-04-25,Financial Services,14872624.609374987,
2025-04-25,Healthcare,15611107.623632777,
2025-04-25,Technology,45886337.100097656,
2025-04-26,Communication Services,0.0,
2025-04-26,Consumer Cyclical,0.0,
2025-04-26,Energy,0.0,
2025-04-26,Financial Services,0.0,
2025-04-26,Healthcare,0.0,
2025-04-26,Technology,0.0,
2025-04-28,Communication Services,-28456852.989990193,
2025-04-28,Consumer Cyclical,-2069798.3789062928,
2025-04-28,Energy,0.0,
2025-04-28,Financial Services,7474271.92382817,
2025-04-28,Healthcare,-4585178.353271484,
2025-04-28,Technology,-21694074.25891111,
2025-04-29,Communication Services,-28846829.29809572,
2025-04-29,Consumer Cyclical,38353790.81042472,
2025-04-29,Energy,0.0,
2025-04-29,Financial Services,15507504.05273435,
2025-04-29,Healthcare,4997436.768994193,
2025-04-29,Technology,9125017.43103023,
2025-04-30,Communication Services,33489144.799804643,
2025-04-30,Consumer Cyclical,-19270569.860229302,
2025-04-30,Energy,0.0,
2025-04-30,Financial Services,1144928.0273437256,
2025-04-30,Healthcare,8658518.20678711,
2025-04-30,Technology,3884168.332763609,
2025-05-01,Communication Services,-12862157.500000013,
2025-05-01,Consumer Cyclical,29961395.000000067,
2025-05-01,Energy,0.0,
2025-05-01,Financial Services,-5125499.999999993,
2025-05-01,Healthcare,-65683282.50000001,
2025-05-01,Technology,53715239.99999998,
2025-05-02,Communication Services,59100287.19458007,
2025-05-02,Consumer Cyclical,50415062.14233394,
2025-05-02,Energy,0.0,
2025-05-02,Financial Services,6314439.892578092,
2025-05-02,Healthcare,18640226.562890615,
2025-05-02,Technology,23960429.192382812,
2025-05-03,Communication Services,0.0,
2025-05-03,Consumer Cyclical,0.0,
2025-05-03,Energy,0.0,
2025-05-03,Financial Services,0.0,
2025-05-03,Healthcare,0.0,
2025-05-03,Technology,0.0,
2025-05-05,Communication Services,-5511666.096191371,
2025-05-05,Consumer Cyclical,7281274.627075147,
2025-05-05,Energy,0.0,
2025-05-05,Financial Services,1119120.0195313254,
2025-05-05,Healthcare,-1329514.5832031055,
2025-05-05,Technology,1438069.2250977398,
2025-05-06,Communication Services,-211652.9792480031,
2025-05-06,Consumer Cyclical,-5067302.17199703,
2025-05-06,Energy,0.0,
2025-05-06,Financial Services,-1649243.9941406874,
2025-05-06,Healthcare,-28022854.452441424,
2025-05-06,Technology,-5266585.821289092,
2025-05-07,Communication Services,3005247.262695309,
2025-05-07,Consumer Cyclical,-3043740.8232421367,
2025-05-07,Energy,0.0,
2025-05-07,Financial Services,-3849356.054687516,
2025-05-07,Healthcare,967838.0937500137,
2025-05-07,Technology,1990666.9882812917,
2025-05-08,Communication Services,5044217.04101564,
2025-05-08,Consumer Cyclical,10113585.30273435,
2025-05-08,Energy,0.0,
2025-05-08,Financial Services,24033388.671875082,
2025-05-08,Healthcare,-15536188.486328114,
2025-05-08,Technology,8864408.007812493,
2025-05-09,Communication Services,-4214357.626709018,
2025-05-09,Consumer Cyclical,-20538325.142822284,
2025-05-09,Energy,0.0,
2025-05-09,Financial Services,1684619.9707030891,
2025-05-09,Healthcare,-10426674.538671872,
2025-05-09,Technology,0.0,
2025-05-10,Communication Services,0.0,
2025-05-10,Consumer Cyclical,0.0,
2025-05-10,Energy,0.0,
2025-05-10,Financial Services,0.0,
2025-05-10,Healthcare,0.0,
2025-05-10,Technology,0.0,
2025-05-12,Communication Services,23380259.59643553,
2025-05-12,Consumer Cyclical,10067547.037109379,
2025-05-12,Energy,24903785.28442387,
2025-05-12,Financial Services,6696816.210937457,
2025-05-12,Healthcare,1171942.8369140625,
2025-05-12,Technology,0.0,
2025-05-13,Communication Services,-968564.5400390227,
2025-05-13,Consumer Cyclical,36386307.63281252,
2025-05-13,Energy,7880207.113037126,
2025-05-13,Financial Services,10761828.222656323,
2025-05-13,Healthcare,-538657.8231445372,
2025-05-13,Technology,0.0,
2025-05-14,Communication Services,7586927.999999982,
2025-05-14,Consumer Cyclical,9982799.999999948,
2025-05-14,Energy,-8474760.000000004,
2025-05-14,Financial Services,19823999.999999978,
2025-05-14,Healthcare,-1727520.0,
2025-05-14,Technology,65114759.999999955,
2025-05-15,Communication Services,-17728135.456420887,
2025-05-15,Consumer Cyclical,-20884776.54785166,
2025-05-15,Energy,-6649634.04235844,
2025-05-15,Financial Services,-20265551.36718747,
2025-05-15,Healthcare,998078.4048339854,
2025-05-15,Technology,-6100775.359496961,
2025-05-16,Communication Services,822844.7915039123,
2025-05-16,Consumer Cyclical,4255322.979492297,
2025-05-16,Energy,-4840674.367675756,
2025-05-16,Financial Services,-4470464.062500004,
2025-05-16,Healthcare,1346727.2988281262,
2025-05-16,Technology,6768561.994628825,
2025-05-17,Communication Services,0.0,
2025-05-17,Consumer Cyclical,0.0,
2025-05-17,Energy,0.0,
2025-05-17,Financial Services,0.0,
2025-05-17,Healthcare,0.0,
2025-05-17,Technology,0.0,
2025-05-19,Communication Services,-478160.46166994,
2025-05-19,Consumer Cyclical,-8134320.368408246,
2025-05-19,Energy,0.0,
2025-05-19,Financial Services,2796260.0097655654,
2025-05-19,Healthcare,-127509.45644531098,
2025-05-19,Technology,2020297.8570555153,
2025-05-20,Communication Services,474884.11669923674,
2025-05-20,Consumer Cyclical,-8125794.885742156,
2025-05-20,Energy,6074906.463623072,
2025-05-20,Financial Services,-18328860.644531254,
2025-05-20,Healthcare,-449890.2158203138,
2025-05-20,Technology,-6609498.232421862,
2025-05-21,Communication Services,-20428563.35351562,
2025-05-21,Consumer Cyclical,-57464038.99414065,
2025-05-21,Energy,-22980044.6777345,
2025-05-21,Financial Services,-43453175.39062496,
2025-05-21,Healthcare,-1228944.934765622,
2025-05-21,Technology,-14372973.39843741,
2025-05-22,Communication Services,-7361141.801513728,
2025-05-22,Consumer Cyclical,26084105.681884766,
2025-05-22,Energy,-2060789.9780274217,
2025-05-22,Financial Services,14288143.847656237,
2025-05-22,Healthcare,-535805.3942871094,
2025-05-22,Technology,5660303.139648444,
2025-05-23,Communication Services,-1364763.886230421,
2025-05-23,Consumer Cyclical,-24085043.644042812,
2025-05-23,Energy,15194739.624023603,
2025-05-23,Financial Services,-14365935.644531237,
2025-05-23,Healthcare,-82327.86196289113,
2025-05-23,Technology,-8509054.189453239,
2025-05-24,Communication Services,0.0,
2025-05-24,Consumer Cyclical,0.0,
2025-05-24,Energy,0.0,
2025-05-24,Financial Services,0.0,
2025-05-24,Healthcare,0.0,
2025-05-24,Technology,0.0,
2025-05-26,Communication Services,0.0,
2025-05-26,Consumer Cyclical,0.0,
2025-05-26,Energy,0.0,
2025-05-26,Financial Services,0.0,
2025-05-26,Healthcare,0.0,
2025-05-26,Technology,0.0,
2025-05-27,Communication Services,571865.789794919,
2025-05-27,Consumer Cyclical,80247272.1679687,
2025-05-27,Energy,23257699.584960926,
2025-05-27,Financial Services,-2736199.951171914,
2025-05-27,Healthcare,629873.2287597652,
2025-05-27,Technology,23038803.588867232,
2025-05-28,Communication Services,-3813695.3354492392,
2025-05-28,Consumer Cyclical,-25783000.115722757,
2025-05-28,Energy,-41244001.46484385,
2025-05-28,Financial Services,14297920.507812487,
2025-05-28,Healthcare,-320603.371386721,
2025-05-28,Technology,-3794448.1347656124,
2025-05-29,Communication Services,6263615.88867189,
2025-05-29,Consumer Cyclical,-9617947.029052792,
2025-05-29,Energy,-4464199.92065414,
2025-05-29,Financial Services,-11538239.794921825,
2025-05-29,Healthcare,174721.91689453475,
2025-05-29,Technology,24065471.5722656,
2025-05-30,Communication Services,-12966819.743408175,
2025-05-30,Consumer Cyclical,-20073766.180663973,
2025-05-30,Energy,-47621748.68774416,
2025-05-30,Financial Services,1096328.0273437267,
2025-05-30,Healthcare,827727.6606445262,
2025-05-30,Technology,-22255458.955078136,
2025-05-31,Communication Services,0.0,
2025-05-31,Consumer Cyclical,0.0,
2025-05-31,Energy,0.0,
2025-05-31,Financial Services,0.0,
2025-05-31,Healthcare,0.0,
2025-05-31,Technology,0.0,
2025-06-02,Communication Services,6091811.876953107,
2025-06-02,Consumer Cyclical,40611157.853027366,
2025-06-02,Energy,41459699.7070311,
2025-06-02,Financial Services,-552795.9960937382,
2025-06-02,Healthcare,522392.21630859625,
2025-06-02,Technology,12437909.912109375,
2025-06-03,Communication Services,3608055.39916991,
2025-06-03,Consumer Cyclical,7670213.880615255,
2025-06-03,Energy,-9976507.110595675,
2025-06-03,Financial Services,-550427.9785156132,
2025-06-03,Healthcare,201456.640136717,
2025-06-03,Technology,21136434.37500002,
2025-06-04,Communication Services,5968282.91308594,
2025-06-04,Consumer Cyclical,23776691.254394453,
2025-06-04,Energy,-36509579.223632894,
2025-06-04,Financial Services,-2755439.941406289,
2025-06-04,Healthcare,829938.5103515658,
2025-06-04,Technology,3857615.917968687,
2025-06-05,Communication Services,4965256.195312467,
2025-06-05,Consumer Cyclical,9837958.27294927,
2025-06-05,Energy,-3742997.4060058403,
2025-06-05,Financial Services,9255411.767578121,
2025-06-05,Healthcare,-8710.975781254456,
2025-06-05,Technology,-10507614.536132695,
2025-06-06,Communication Services,-205891.60742183405,
2025-06-06,Consumer Cyclical,25996524.537109308,
2025-06-06,Energy,60318113.67431644,
2025-06-06,Financial Services,2167280.07812505,
2025-06-06,Healthcare,227564.40820312747,
2025-06-06,Technology,9373486.33789057,
2025-06-07,Communication Services,0.0,
2025-06-07,Consumer Cyclical,0.0,
2025-06-07,Energy,0.0,
2025-06-07,Financial Services,0.0,
2025-06-07,Healthcare,0.0,
2025-06-07,Technology,0.0,
2025-06-09,Communication Services,14720027.065429658,
2025-06-09,Consumer Cyclical,6787794.567382775,
2025-06-09,Energy,11192929.167480597,
2025-06-09,Financial Services,-12504547.460937522,
2025-06-09,Healthcare,208227.89902343974,
2025-06-09,Technology,4947451.386718731,
2025-06-10,Communication Services,-6019216.9914550865,
2025-06-10,Consumer Cyclical,10489629.610839993,
2025-06-10,Energy,-21884984.855346728,
2025-06-10,Financial Services,2707699.9511719136,
2025-06-10,Healthcare,1813075.8873046886,
2025-06-10,Technology,7202481.8701172555,
2025-06-11,Communication Services,310964.641113293,
2025-06-11,Consumer Cyclical,-48766893.45459,
2025-06-11,Energy,34526622.32360833,
2025-06-11,Financial Services,43098608.15429683,
2025-06-11,Healthcare,77468.38427734152,
2025-06-11,Technology,-6164737.622070287,
2025-06-12,Communication Services,1349301.6621094015,
2025-06-12,Consumer Cyclical,-3813006.3164061517,
2025-06-12,Energy,34155905.43457032,
2025-06-12,Financial Services,-41516974.21874999,
2025-06-12,Healthcare,186826.38398437278,
2025-06-12,Technology,11854188.691406181,
2025-06-13,Communication Services,-9283855.888671888,
2025-06-13,Consumer Cyclical,-42140445.01953129,
2025-06-13,Energy,66693125.83007802,
2025-06-13,Financial Services,-5399160.156249981,
2025-06-13,Healthcare,395758.4394531272,
2025-06-13,Technology,-16359455.273437506,
2025-06-14,Communication Services,0.0,
2025-06-14,Consumer Cyclical,0.0,
2025-06-14,Energy,0.0,
2025-06-14,Financial Services,0.0,
2025-06-14,Healthcare,0.0,
2025-06-14,Technology,0.0,
2025-06-16,Communication Services,6484415.069580078,
2025-06-16,Consumer Cyclical,59318063.91650388,
2025-06-16,Energy,19569282.1099856,
2025-06-16,Financial Services,26756744.287109386,
2025-06-16,Healthcare,-643253.9749023423,
2025-06-16,Technology,14852723.359374994,
2025-06-17,Communication Services,-6397859.498046849,
2025-06-17,Consumer Cyclical,-39815541.57910152,
2025-06-17,Energy,16150793.448486352,
2025-06-17,Financial Services,-15750248.3398438,
2025-06-17,Healthcare,-887445.0271484392,
2025-06-17,Technology,-3095738.4667968377,
2025-06-18,Communication Services,-7711472.9999999935,
2025-06-18,Consumer Cyclical,-10679548.000000024,
2025-06-18,Energy,21473677.499999918,
2025-06-18,Financial Services,7730800.000000032,
2025-06-18,Healthcare,-342916.200000002,
2025-06-18,Technology,7509919.999999918,
2025-06-19,Communication Services,0.0,
2025-06-19,Consumer Cyclical,0.0,
2025-06-19,Energy,0.0,
2025-06-19,Financial Services,0.0,
2025-06-19,Healthcare,0.0,
2025-06-19,Technology,0.0,
2025-06-20,Communication Services,-4806615.491210946,
2025-06-20,Consumer Cyclical,-6926695.893798804,
2025-06-20,Energy,34915331.921997085,
2025-06-20,Financial Services,-5499560.05859373,
2025-06-20,Healthcare,-1226401.8930664037,
2025-06-20,Technology,0.0,
2025-06-21,Communication Services,0.0,
2025-06-21,Consumer Cyclical,0.0,
2025-06-21,Energy,0.0,
2025-06-21,Financial Services,0.0,
2025-06-21,Healthcare,0.0,
2025-06-21,Technology,0.0,
2025-06-23,Communication Services,3174431.3920898405,
2025-06-23,Consumer Cyclical,361540.0722656387,
2025-06-23,Energy,-81688883.75244144,
2025-06-23,Financial Services,10955759.76562496,
2025-06-23,Healthcare,433300.298730467,
2025-06-23,Technology,0.0,
2025-06-24,Communication Services,12679660.854492202,
2025-06-24,Consumer Cyclical,14292197.745117133,
2025-06-24,Energy,-16772290.378417997,
2025-06-24,Financial Services,59380581.44531249,
2025-06-24,Healthcare,405313.32656250295,
2025-06-24,Technology,0.0,
2025-06-25,Communication Services,-154330.9233398496,
2025-06-25,Consumer Cyclical,-7386223.839843719,
2025-06-25,Energy,-53995516.46850576,
2025-06-25,Financial Services,-10830240.234374963,
2025-06-25,Healthcare,770030.0806640579,
2025-06-25,Technology,0.0,
2025-06-26,Communication Services,-979775.6811524053,
2025-06-26,Consumer Cyclical,8060758.374023403,
2025-06-26,Energy,2001619.2932127565,
2025-06-26,Financial Services,25037204.040527366,
2025-06-26,Healthcare,153072.9873046902,
2025-06-26,Technology,0.0,
2025-06-27,Communication Services,-1696361.0522460851,
2025-06-27,Consumer Cyclical,2380857.617187534,
2025-06-27,Energy,5147251.837158228,
2025-06-27,Financial Services,2976072.0214843834,
2025-06-27,Healthcare,-1064351.5756835914,
2025-06-27,Technology,0.0,
2025-06-28,Communication Services,0.0,
2025-06-28,Consumer Cyclical,0.0,
2025-06-28,Energy,0.0,
2025-06-28,Financial Services,0.0,
2025-06-28,Healthcare,0.0,
2025-06-28,Technology,0.0,
2025-06-30,Communication Services,-1917207.491943309,
2025-06-30,Consumer Cyclical,1889935.6926269394,
2025-06-30,Energy,-44671207.28027342,
2025-06-30,Financial Services,36680570.080566384,
2025-06-30,Healthcare,222537.88242187104,
2025-06-30,Technology,0.0,
2025-07-01,Communication Services,1434804.0000000058,
2025-07-01,Consumer Cyclical,-28005647.999999996,
2025-07-01,Energy,-97442610.00000018,
2025-07-01,Financial Services,40115178.00000003,
2025-07-01,Healthcare,-195802.19999999975,
2025-07-01,Technology,0.0,
2025-07-02,Communication Services,2060496.7480468312,
2025-07-02,Consumer Cyclical,-3220881.7587890993,
2025-07-02,Energy,-5964595.849609112,
2025-07-02,Financial Services,-91149869.30175784,
2025-07-02,Healthcare,183275.763378906,
2025-07-02,Technology,0.0,
2025-07-03,Communication Services,-463324.5000000176,
2025-07-03,Consumer Cyclical,149022.50000003388,
2025-07-03,Energy,1381844.99999973,
2025-07-03,Financial Services,92177190.0,
2025-07-03,Healthcare,75324.09999999926,
2025-07-03,Technology,0.0,
2025-07-04,Communication Services,0.0,
2025-07-04,Consumer Cyclical,0.0,
2025-07-04,Energy,0.0,
2025-07-04,Financial Services,0.0,
2025-07-04,Healthcare,0.0,
2025-07-04,Technology,0.0,
2025-07-05,Communication Services,0.0,
2025-07-05,Consumer Cyclical,0.0,
2025-07-05,Energy,0.0,
2025-07-05,Financial Services,0.0,
2025-07-05,Healthcare,0.0,
2025-07-05,Technology,0.0,
2025-07-07,Communication Services,17806677.761718813,
2025-07-07,Consumer Cyclical,4914817.42382817,
2025-07-07,Energy,-17449781.374511413,
2025-07-07,Financial Services,124310280.94409178,
2025-07-07,Healthcare,-425006.3847656225,
2025-07-07,Technology,0.0,
2025-07-08,Communication Services,2559579.7072753636,
2025-07-08,Consumer Cyclical,-6048416.064453125,
2025-07-08,Energy,9622480.102538757,
2025-07-08,Financial Services,-51954519.3536377,
2025-07-08,Healthcare,263381.02680663863,
2025-07-08,Technology,0.0,
2025-07-09,Communication Services,-8435567.100585962,
2025-07-09,Consumer Cyclical,11101074.7555664,
2025-07-09,Energy,-55236794.96826148,
2025-07-09,Financial Services,-22937452.517333943,
2025-07-09,Healthcare,507559.138085937,
2025-07-09,Technology,0.0,
2025-07-10,Communication Services,-1147827.9999999942,
2025-07-10,Consumer Cyclical,-34796213.60000002,
2025-07-10,Energy,17993164.99999997,
2025-07-10,Financial Services,-12815582.00000001,
2025-07-10,Healthcare,204851.600000001,
2025-07-10,Technology,0.0,
2025-07-11,Communication Services,-7876208.404052687,
2025-07-11,Consumer Cyclical,-8268783.448242262,
2025-07-11,Energy,5010136.053466868,
2025-07-11,Financial Services,-168945905.64294425,
2025-07-11,Healthcare,0.0,
2025-07-11,Technology,0.0,
2025-07-12,Communication Services,0.0,
2025-07-12,Consumer Cyclical,0.0,
2025-07-12,Energy,0.0,
2025-07-12,Financial Services,0.0,
2025-07-12,Healthcare,0.0,
2025-07-12,Technology,0.0,
2025-07-14,Communication Services,-5551268.937011731,
2025-07-14,Consumer Cyclical,6289968.080566507,
2025-07-14,Energy,60866879.99084441,
2025-07-14,Financial Services,221569776.1351315,
2025-07-14,Healthcare,0.0,
2025-07-14,Technology,0.0,
2025-07-15,Communication Services,39019670.61572262,
2025-07-15,Consumer Cyclical,24942516.65624996,
2025-07-15,Energy,-42372426.899413876,
2025-07-15,Financial Services,-92830994.36596641,
2025-07-15,Healthcare,0.0,
2025-07-15,Technology,22512943.059081983,
2025-07-16,Communication Services,-36774198.504882835,
2025-07-16,Consumer Cyclical,14313709.29589853,
2025-07-16,Energy,-5566596.553955049,
2025-07-16,Financial Services,482305730.9641111,
2025-07-16,Healthcare,0.0,
2025-07-16,Technology,-95068873.1518554,
2025-07-17,Communication Services,6262608.438720766,
2025-07-17,Consumer Cyclical,-341244.29882819206,
2025-07-17,Consumer Defensive,0.0,
2025-07-17,Energy,11120907.952880802,
2025-07-17,Financial Services,34213064.76562535,
2025-07-17,Healthcare,0.0,
2025-07-17,Technology,-13212137.219238387,
2025-07-18,Communication Services,-23483329.232409704,
2025-07-18,Consumer Cyclical,25350690.375439547,
2025-07-18,Consumer Defensive,-211520.15332034556,
2025-07-18,Energy,-6095120.207519401,
2025-07-18,Financial Services,-182138890.7601564,
2025-07-18,Healthcare,0.0,
2025-07-18,Technology,-14375020.946044821,
2025-07-19,Communication Services,0.0,
2025-07-19,Consumer Cyclical,0.0,
2025-07-19,Consumer Defensive,0.0,
2025-07-19,Energy,0.0,
2025-07-19,Financial Services,0.0,
2025-07-19,Healthcare,0.0,
2025-07-19,Technology,0.0,
2025-07-21,Communication Services,21468105.53029178,
2025-07-21,Consumer Cyclical,-52082962.99628919,
2025-07-21,Consumer Defensive,3276182.7934570555,
2025-07-21,Energy,-192872051.55029318,
2025-07-21,Financial Services,-97170246.70678702,
2025-07-21,Healthcare,0.0,
2025-07-21,Technology,-20719492.199707158,
2025-07-22,Communication Services,-23651299.29168099,
2025-07-22,Consumer Cyclical,13882315.908398405,
2025-07-22,Consumer Defensive,945164.84326168,
2025-07-22,Energy,33792406.786499105,
2025-07-22,Financial Services,-201287224.3000244,
2025-07-22,Healthcare,0.0,
2025-07-22,Technology,-21141845.17822269,
2025-07-23,Communication Services,666019.820141688,
2025-07-23,Consumer Cyclical,4705601.811914037,
2025-07-23,Consumer Defensive,-891337.8989257157,
2025-07-23,Energy,-31224422.06298815,
2025-07-23,Financial Services,63128247.812402286,
2025-07-23,Healthcare,0.0,
2025-07-23,Technology,1924793.1408691548,
2025-07-24,Communication Services,2494950.2107909624,
2025-07-24,Consumer Cyclical,-90988617.00351548,
2025-07-24,Consumer Defensive,4802525.01757806,
2025-07-24,Energy,35098545.25146463,
2025-07-24,Financial Services,-109152766.68813458,
2025-07-24,Healthcare,0.0,
2025-07-24,Technology,15207080.075683644,
2025-07-25,Communication Services,-1594538.3999999957,
2025-07-25,Consumer Cyclical,26049340.799999893,
2025-07-25,Consumer Defensive,4535832.000000023,
2025-07-25,Energy,-36556939.99999984,
2025-07-25,Financial Services,649779.2000000114,
2025-07-25,Healthcare,5512147.20000004,
2025-07-25,Technology,27721259.99999988,
2025-07-26,Communication Services,0.0,
2025-07-26,Consumer Cyclical,0.0,
2025-07-26,Consumer Defensive,0.0,
2025-07-26,Energy,0.0,
2025-07-26,Financial Services,0.0,
2025-07-26,Healthcare,0.0,
2025-07-26,Technology,0.0,
2025-07-28,Communication Services,1047455.8721923735,
2025-07-28,Consumer Cyclical,28822666.930664033,
2025-07-28,Consumer Defensive,735638.9755859405,
2025-07-28,Energy,6056576.528320183,
2025-07-28,Financial Services,-87647788.71298832,
2025-07-28,Healthcare,2374509.866308599,
2025-07-28,Technology,-5226908.510742209,
2025-07-29,Communication Services,-14923146.116894487,
2025-07-29,Consumer Cyclical,-4368115.778906217,
2025-07-29,Consumer Defensive,3798361.5468749935,
2025-07-29,Energy,54726393.33984366,
2025-07-29,Financial Services,-46526041.73710957,
2025-07-29,Healthcare,-47342078.62207034,
2025-07-29,Technology,562257.4658203338,
2025-07-30,Communication Services,3048686.5538452556,
2025-07-30,Consumer Cyclical,-8369825.815722623,
2025-07-30,Consumer Defensive,-3905474.2788085667,
2025-07-30,Energy,4562405.051880056,
2025-07-30,Financial Services,103578677.75954595,
2025-07-30,Healthcare,11182267.286059631,
2025-07-30,Technology,9499802.299804753,
2025-07-31,Communication Services,45197440.02993168,
2025-07-31,Consumer Cyclical,-38500393.500000134,
2025-07-31,Consumer Defensive,2063714.6689453158,
2025-07-31,Energy,56417948.591308564,
2025-07-31,Financial Services,-87691441.69394515,
2025-07-31,Healthcare,-37176942.47343754,
2025-07-31,Technology,20177615.083007805,
2025-08-01,Communication Services,-16961532.962036252,
2025-08-01,Consumer Cyclical,-18157535.815429576,
2025-08-01,Consumer Defensive,0.0,
2025-08-01,Energy,-63995545.34912099,
2025-08-01,Financial Services,-178093800.10986346,
2025-08-01,Healthcare,0.0,
2025-08-01,Technology,-115717972.41210932,
2025-08-02,Communication Services,0.0,
2025-08-02,Consumer Cyclical,0.0,
2025-08-02,Consumer Defensive,0.0,
2025-08-02,Energy,0.0,
2025-08-02,Financial Services,0.0,
2025-08-02,Healthcare,0.0,
2025-08-02,Technology,0.0,
2025-08-04,Communication Services,23856323.829711966,
2025-08-04,Consumer Cyclical,28763381.383300718,
2025-08-04,Consumer Defensive,0.0,
2025-08-04,Energy,-32982021.77429192,
2025-08-04,Financial Services,-37846261.78222658,
2025-08-04,Healthcare,17613581.280517522,
2025-08-04,Technology,21645103.436279166,
2025-08-05,Communication Services,-18706274.696887232,
2025-08-05,Consumer Cyclical,2254698.20830092,
2025-08-05,Consumer Defensive,0.0,
2025-08-05,Energy,14140289.450683292,
2025-08-05,Financial Services,-125058546.24060042,
2025-08-05,Healthcare,-2269087.5439452934,
2025-08-05,Technology,-16872879.633178584,
2025-08-06,Communication Services,18765002.519274935,
2025-08-06,Consumer Cyclical,7021640.89746087,
2025-08-06,Consumer Defensive,0.0,
2025-08-06,Energy,-14170847.150878605,
2025-08-06,Financial Services,89537014.0822754,
2025-08-06,Healthcare,-20479785.95092771,
2025-08-06,Technology,29762938.756713755,
2025-08-07,Communication Services,-6388406.161596711,
2025-08-07,Consumer Cyclical,13688848.464843728,
2025-08-07,Consumer Defensive,0.0,
2025-08-07,Energy,3031814.1320798337,
2025-08-07,Financial Services,0.0,
2025-08-07,Healthcare,6465101.368408146,
2025-08-07,Technology,-25791185.972900305,
2025-08-08,Communication Services,18268723.392553736,
2025-08-08,Consumer Cyclical,30806164.05234362,
2025-08-08,Consumer Defensive,0.0,
2025-08-08,Energy,-13648879.061279096,
2025-08-08,Financial Services,0.0,
2025-08-08,Healthcare,8863807.812500127,
2025-08-08,Technology,-91428792.6159669,
2025-08-09,Communication Services,0.0,
2025-08-09,Consumer Cyclical,0.0,
2025-08-09,Consumer Defensive,0.0,
2025-08-09,Energy,0.0,
2025-08-09,Financial Services,0.0,
2025-08-09,Healthcare,0.0,
2025-08-09,Technology,0.0,
2025-08-11,Communication Services,349311.791748018,
2025-08-11,Consumer Cyclical,10705011.667968784,
2025-08-11,Consumer Defensive,0.0,
2025-08-11,Energy,-20768577.526855655,
2025-08-11,Financial Services,0.0,
2025-08-11,Healthcare,-47352079.1992186,
2025-08-11,Technology,437160.1684571662,
2025-08-12,Communication Services,37590068.12353517,
2025-08-12,Consumer Cyclical,25646629.464843746,
2025-08-12,Consumer Defensive,0.0,
2025-08-12,Energy,-2536366.8212889186,
2025-08-12,Financial Services,0.0,
2025-08-12,Healthcare,29505242.52929658,
2025-08-12,Technology,7880109.521484318,
2025-08-13,Communication Services,-23458865.528271392,
2025-08-13,Consumer Cyclical,-12656932.895214692,
2025-08-13,Consumer Defensive,0.0,
2025-08-13,Energy,1514483.5125732995,
2025-08-13,Financial Services,0.0,
2025-08-13,Healthcare,13817068.758544935,
2025-08-13,Technology,23713077.463989273,
2025-08-14,Communication Services,17691815.94592272,
2025-08-14,Consumer Cyclical,-15056277.919921912,
2025-08-14,Consumer Defensive,0.0,
2025-08-14,Energy,-2013018.8427733947,
2025-08-14,Financial Services,0.0,
2025-08-14,Healthcare,12188415.458984576,
2025-08-14,Technology,-12222884.95971679,
2025-08-15,Communication Services,13251382.713378988,
2025-08-15,Consumer Cyclical,7427880.213867249,
2025-08-15,Consumer Defensive,0.0,
2025-08-15,Energy,-17223466.63940447,
2025-08-15,Financial Services,0.0,
2025-08-15,Healthcare,40081685.45898421,
2025-08-15,Technology,26105834.608154338,
2025-08-16,Communication Services,0.0,
2025-08-16,Consumer Cyclical,0.0,
2025-08-16,Consumer Defensive,0.0,
2025-08-16,Energy,0.0,
2025-08-16,Financial Services,0.0,
2025-08-16,Healthcare,0.0,
2025-08-16,Technology,0.0,
2025-08-18,Communication Services,-14388633.265527438,
2025-08-18,Consumer Cyclical,5899470.108984463,
2025-08-18,Consumer Defensive,0.0,
2025-08-18,Energy,-92203510.10253908,
2025-08-18,Financial Services,0.0,
2025-08-18,Healthcare,-18043739.74609375,
2025-08-18,Technology,-5246564.326171896,
2025-08-19,Communication Services,-36594869.470861614,
2025-08-19,Consumer Cyclical,-26485543.540722787,
2025-08-19,Consumer Defensive,0.0,
2025-08-19,Energy,0.0,
2025-08-19,Financial Services,0.0,
2025-08-19,Healthcare,-5908236.745605456,
2025-08-19,Technology,-35012543.8128663,
2025-08-20,Communication Services,-18789489.702417143,
2025-08-20,Consumer Cyclical,-18469203.242285218,
2025-08-20,Consumer Defensive,0.0,
2025-08-20,Energy,0.0,
2025-08-20,Financial Services,0.0,
2025-08-20,Healthcare,53510935.08544927,
2025-08-20,Technology,13586434.76623545,
2025-08-21,Communication Services,-6343647.847216696,
2025-08-21,Consumer Cyclical,-11965372.588769387,
2025-08-21,Consumer Defensive,0.0,
2025-08-21,Energy,0.0,
2025-08-21,Financial Services,0.0,
2025-08-21,Healthcare,19975813.488769468,
2025-08-21,Technology,-754331.4184570599,
2025-08-22,Communication Services,53232626.22186273,
2025-08-22,Consumer Cyclical,137656120.81127915,
2025-08-22,Consumer Defensive,0.0,
2025-08-22,Energy,0.0,
2025-08-22,Financial Services,0.0,
2025-08-22,Healthcare,-24297229.345702983,
2025-08-22,Technology,13415261.709594699,
2025-08-23,Communication Services,0.0,
2025-08-23,Consumer Cyclical,0.0,
2025-08-23,Consumer Defensive,0.0,
2025-08-23,Energy,0.0,
2025-08-23,Financial Services,0.0,
2025-08-23,Healthcare,0.0,
2025-08-23,Technology,0.0,
2025-08-25,Communication Services,21387915.255554114,
2025-08-25,Consumer Cyclical,-7087587.903076127,
2025-08-25,Consumer Defensive,0.0,
2025-08-25,Energy,0.0,
2025-08-25,Financial Services,0.0,
2025-08-25,Healthcare,-54375235.37597663,
2025-08-25,Technology,-13255000.790405245,
2025-08-26,Communication Services,-9537217.635253953,
2025-08-26,Consumer Cyclical,27103977.982763793,
2025-08-26,Consumer Defensive,0.0,
2025-08-26,Energy,0.0,
2025-08-26,Financial Services,0.0,
2025-08-26,Healthcare,17807621.62597647,
2025-08-26,Technology,-2062739.3225098439,
2025-08-27,Communication Services,-2961028.4862790667,
2025-08-27,Consumer Cyclical,4102394.706298711,
2025-08-27,Consumer Defensive,0.0,
2025-08-27,Energy,0.0,
2025-08-27,Financial Services,0.0,
2025-08-27,Healthcare,17312858.393554788,
2025-08-27,Technology,37887559.67285151,
2025-08-28,Communication Services,49000148.32499997,
2025-08-28,Consumer Cyclical,-2035643.3999999017,
2025-08-28,Consumer Defensive,0.0,
2025-08-28,Energy,0.0,
2025-08-28,Financial Services,0.0,
2025-08-28,Healthcare,-29331314.999999925,
2025-08-28,Technology,254518098.7500001,
2025-08-29,Communication Services,9084789.37039426,
2025-08-29,Consumer Cyclical,-77139603.98649922,
2025-08-29,Consumer Defensive,0.0,
2025-08-29,Energy,0.0,
2025-08-29,Financial Services,0.0,
2025-08-29,Healthcare,44993326.110839844,
2025-08-29,Technology,-14577837.65991213,
2025-08-30,Communication Services,0.0,
2025-08-30,Consumer Cyclical,0.0,
2025-08-30,Consumer Defensive,0.0,
2025-08-30,Energy,0.0,
2025-08-30,Financial Services,0.0,
2025-08-30,Healthcare,0.0,
2025-08-30,Technology,0.0,
2025-09-01,Communication Services,0.0,
2025-09-01,Consumer Cyclical,0.0,
2025-09-01,Consumer Defensive,0.0,
2025-09-01,Energy,0.0,
2025-09-01,Financial Services,0.0,
2025-09-01,Healthcare,0.0,
2025-09-01,Technology,0.0,
2025-09-02,Communication Services,-17826107.11194816,
2025-09-02,Consumer Cyclical,-54533598.70605445,
2025-09-02,Consumer Defensive,0.0,
2025-09-02,Energy,0.0,
2025-09-02,Financial Services,0.0,
2025-09-02,Healthcare,-10126673.37402357,
2025-09-02,Technology,-37233284.63378917,
2025-09-03,Communication Services,213561680.3262132,
2025-09-03,Consumer Cyclical,6580138.8345700465,
2025-09-03,Consumer Defensive,0.0,
2025-09-03,Energy,0.0,
2025-09-03,Financial Services,0.0,
2025-09-03,Healthcare,-40777225.22949236,
2025-09-03,Technology,-39849836.21520987,
2025-09-04,Communication Services,10815212.40200197,
2025-09-04,Consumer Cyclical,61225986.311132915,
2025-09-04,Consumer Defensive,0.0,
2025-09-04,Energy,0.0,
2025-09-04,Financial Services,0.0,
2025-09-04,Healthcare,30460689.707031354,
2025-09-04,Technology,-78180584.07470699,
2025-09-05,Communication Services,14679830.141894493,
2025-09-05,Consumer Cyclical,-118882485.8279298,
2025-09-05,Consumer Defensive,0.0,
2025-09-05,Energy,0.0,
2025-09-05,Financial Services,0.0,
2025-09-05,Healthcare,23191720.57617183,
2025-09-05,Technology,48165278.027343705,
2025-09-06,Communication Services,0.0,
2025-09-06,Consumer Cyclical,0.0,
2025-09-06,Consumer Defensive,0.0,
2025-09-06,Energy,0.0,
2025-09-06,Financial Services,0.0,
2025-09-06,Healthcare,0.0,
2025-09-06,Technology,0.0,
2025-09-08,Communication Services,-5625101.3641479155,
2025-09-08,Consumer Cyclical,-36969840.69257811,
2025-09-08,Consumer Defensive,0.0,
2025-09-08,Energy,0.0,
2025-09-08,Financial Services,0.0,
2025-09-08,Healthcare,1371654.9096681364,
2025-09-08,Technology,38517178.27148443,
2025-09-09,Communication Services,32037845.722656254,
2025-09-09,Consumer Cyclical,10559186.176758038,
2025-09-09,Consumer Defensive,0.0,
2025-09-09,Energy,0.0,
2025-09-09,Financial Services,0.0,
2025-09-09,Healthcare,164665104.11865225,
2025-09-09,Technology,1995436.7578124967,
2025-09-10,Communication Services,-2108619.999999975,
2025-09-10,Consumer Cyclical,-5267110.800000168,
2025-09-10,Consumer Defensive,0.0,
2025-09-10,Energy,9710750.00000004,
2025-09-10,Financial Services,0.0,
2025-09-10,Healthcare,-2705137.5000000633,
2025-09-10,Technology,17826162.499999873,
2025-09-11,Communication Services,6769535.7617187435,
2025-09-11,Consumer Cyclical,66389170.14316402,
2025-09-11,Consumer Defensive,0.0,
2025-09-11,Energy,-8323199.707031257,
2025-09-11,Financial Services,0.0,
2025-09-11,Healthcare,74520381.3769533,
2025-09-11,Technology,6492095.771484502,
2025-09-12,Communication Services,3334799.9999999683,
2025-09-12,Consumer Cyclical,90859960.80000009,
2025-09-12,Consumer Defensive,0.0,
2025-09-12,Energy,-16674000.000000015,
2025-09-12,Financial Services,0.0,
2025-09-12,Healthcare,-30138255.000000235,
2025-09-12,Technology,-6766865.000000124,
2025-09-13,Communication Services,0.0,
2025-09-13,Consumer Cyclical,0.0,
2025-09-13,Consumer Defensive,0.0,
2025-09-13,Energy,0.0,
2025-09-13,Financial Services,0.0,
2025-09-13,Healthcare,0.0,
2025-09-13,Technology,0.0,
2025-09-15,Communication Services,57866421.97265623,
2025-09-15,Consumer Cyclical,45978718.86914072,
2025-09-15,Consumer Defensive,0.0,
2025-09-15,Energy,56444848.02246091,
2025-09-15,Financial Services,209054.9926758882,
2025-09-15,Healthcare,-696849.9755857773,
2025-09-15,Technology,31581240.893554803,
2025-09-16,Communication Services,-1883613.6132812689,
2025-09-16,Consumer Cyclical,56548296.6867186,
2025-09-16,Consumer Defensive,0.0,
2025-09-16,Energy,-18005130.12695311,
2025-09-16,Financial Services,1454260.5102537645,
2025-09-16,Healthcare,-15207409.907226902,
2025-09-16,Technology,-30871873.11767581,
2025-09-17,Communication Services,-8651579.29199215,
2025-09-17,Consumer Cyclical,18574995.84550791,
2025-09-17,Consumer Defensive,0.0,
2025-09-17,Energy,5510560.058593755,
2025-09-17,Financial Services,15291804.162597697,
2025-09-17,Healthcare,3774733.6401368873,
2025-09-17,Technology,28103856.29882821,
2025-09-18,Communication Services,6838302.10937505,
2025-09-18,Consumer Cyclical,9943111.857421786,
2025-09-18,Consumer Defensive,0.0,
2025-09-18,Energy,8272139.648437569,
2025-09-18,Financial Services,15096654.85839852,
2025-09-18,Healthcare,-14862277.568359494,
2025-09-18,Technology,178953954.39453125,
2025-09-19,Communication Services,8070884.99999999,
2025-09-19,Consumer Cyclical,-7997664.599999915,
2025-09-19,Consumer Defensive,0.0,
2025-09-19,Energy,29815124.99999998,
2025-09-19,Financial Services,2496149.999999947,
2025-09-19,Healthcare,-9984599.999999907,
2025-09-19,Technology,4909094.999999929,
2025-09-20,Communication Services,0.0,
2025-09-20,Consumer Cyclical,0.0,
2025-09-20,Consumer Defensive,0.0,
2025-09-20,Energy,0.0,
2025-09-20,Financial Services,0.0,
2025-09-20,Healthcare,0.0,
2025-09-20,Technology,0.0,
2025-09-22,Communication Services,-6590205.507812538,
2025-09-22,Consumer Cyclical,2787992.0249999026,
2025-09-22,Consumer Defensive,0.0,
2025-09-22,Energy,8377379.882812445,
2025-09-22,Financial Services,-6911338.403320277,
2025-09-22,Healthcare,17006081.162109464,
2025-09-22,Technology,293208.2958984589,
2025-09-23,Communication Services,-1500541.2158202904,
2025-09-23,Consumer Cyclical,11234051.902441425,
2025-09-23,Consumer Defensive,0.0,
2025-09-23,Energy,10420425.109863307,
2025-09-23,Financial Services,-4584987.04833982,
2025-09-23,Healthcare,6682965.97045891,
2025-09-23,Technology,-13407613.641357468,
2025-09-24,Communication Services,-12554486.77978513,
2025-09-24,Consumer Cyclical,5551811.182617151,
2025-09-24,Consumer Defensive,0.0,
2025-09-24,Energy,-27836999.511718776,
2025-09-24,Financial Services,0.0,
2025-09-24,Healthcare,4328653.424072285,
2025-09-24,Technology,69230617.7856445,
2025-09-25,Communication Services,-3537198.061523492,
2025-09-25,Consumer Cyclical,-6306318.829687432,
2025-09-25,Consumer Defensive,0.0,
2025-09-25,Energy,18949275.329589814,
2025-09-25,Financial Services,3158212.554931611,
2025-09-25,Healthcare,-55809124.97070312,
2025-09-25,Technology,99153837.72460957,
2025-09-26,Communication Services,1718882.4536133197,
2025-09-26,Consumer Cyclical,-8057895.515332007,
2025-09-26,Consumer Defensive,0.0,
2025-09-26,Energy,10566900.32958987,
2025-09-26,Financial Services,7608168.237304676,
2025-09-26,Healthcare,9848351.107177585,
2025-09-26,Technology,42563474.5275878,
2025-09-27,Communication Services,0.0,
2025-09-27,Consumer Cyclical,0.0,
2025-09-27,Consumer Defensive,0.0,
2025-09-27,Energy,0.0,
2025-09-27,Financial Services,0.0,
2025-09-27,Healthcare,0.0,
2025-09-27,Technology,0.0,
2025-09-29,Communication Services,-7945124.17968748,
2025-09-29,Consumer Cyclical,11119792.947656207,
2025-09-29,Consumer Defensive,0.0,
2025-09-29,Energy,-6339194.82421874,
2025-09-29,Financial Services,4437436.376953143,
2025-09-29,Healthcare,5874320.537109477,
2025-09-29,Technology,-15059109.48242197,
2025-09-30,Communication Services,-2266914.5288086003,
2025-09-30,Consumer Cyclical,-55201887.57041012,
2025-09-30,Consumer Defensive,0.0,
2025-09-30,Energy,-4197989.868164098,
2025-09-30,Financial Services,-17421657.952880822,
2025-09-30,Healthcare,51397389.285888694,
2025-09-30,Technology,-27790692.92724605,
2025-10-01,Communication Services,5584537.097167915,
2025-10-01,Consumer Cyclical,-53891063.61767585,
2025-10-01,Consumer Defensive,0.0,
2025-10-01,Energy,9120475.15869146,
2025-10-01,Financial Services,-19152997.83325203,
2025-10-01,Healthcare,96003524.6704101,
2025-10-01,Technology,50920314.385986336,
2025-10-02,Communication Services,2495239.5043945727,
2025-10-02,Consumer Cyclical,23446279.69365236,
2025-10-02,Consumer Defensive,0.0,
2025-10-02,Energy,-18223659.301757798,
2025-10-02,Financial Services,-2242911.9140625317,
2025-10-02,Healthcare,7387591.116943495,
2025-10-02,Technology,48979588.923339784,
2025-10-03,Communication Services,56225.200195261365,
2025-10-03,Consumer Cyclical,-24913386.20654294,
2025-10-03,Consumer Defensive,0.0,
2025-10-03,Energy,-7028150.024414037,
2025-10-03,Financial Services,1799206.4062500414,
2025-10-03,Healthcare,46357677.56103502,
2025-10-03,Technology,-22588474.17846675,
2025-10-04,Communication Services,0.0,
2025-10-04,Consumer Cyclical,0.0,
2025-10-04,Consumer Defensive,0.0,
2025-10-04,Energy,0.0,
2025-10-04,Financial Services,0.0,
2025-10-04,Healthcare,0.0,
2025-10-04,Technology,0.0,
2025-10-06,Communication Services,14229327.792968756,
2025-10-06,Consumer Cyclical,-6253030.292578192,
2025-10-06,Consumer Defensive,0.0,
2025-10-06,Energy,22496960.937499896,
2025-10-06,Financial Services,-2812120.1171875,
2025-10-06,Healthcare,3262059.33593741,
2025-10-06,Technology,17182053.91601572,
2025-10-07,Communication Services,-12350899.584960924,
2025-10-07,Consumer Cyclical,11285000.031738404,
2025-10-07,Consumer Defensive,0.0,
2025-10-07,Energy,-11279360.351562385,
2025-10-07,Financial Services,-1127936.035156266,
2025-10-07,Healthcare,11786931.567382993,
2025-10-07,Technology,-12745677.197265673,
2025-10-08,Communication Services,-4724663.620605433,
2025-10-08,Consumer Cyclical,-2607335.325000099,
2025-10-08,Consumer Defensive,0.0,
2025-10-08,Energy,-8487419.677734446,
2025-10-08,Financial Services,-5092451.806640577,
2025-10-08,Healthcare,20666866.91528322,
2025-10-08,Technology,47614424.39208983,
2025-10-09,Communication Services,-9246380.126953125,
2025-10-09,Consumer Cyclical,32471010.973828167,
2025-10-09,Consumer Defensive,0.0,
2025-10-09,Energy,711260.0097656097,
2025-10-09,Financial Services,-569008.0078125485,
2025-10-09,Healthcare,7354428.500976505,
2025-10-09,Technology,7098374.897460839,
2025-10-10,Communication Services,-13419054.492187498,
2025-10-10,Consumer Cyclical,-48216482.323242165,
2025-10-10,Consumer Defensive,0.0,
2025-10-10,Energy,-710755.0048827974,
2025-10-10,Financial Services,-12964171.289062506,
2025-10-10,Healthcare,-68573642.87109376,
2025-10-10,Technology,-46526022.619628906,
2025-10-11,Communication Services,0.0,
2025-10-11,Consumer Cyclical,0.0,
2025-10-11,Consumer Defensive,0.0,
2025-10-11,Energy,0.0,
2025-10-11,Financial Services,0.0,
2025-10-11,Healthcare,0.0,
2025-10-11,Technology,0.0,
2025-10-13,Communication Services,20435129.41894525,
2025-10-13,Consumer Cyclical,35107838.14775382,
2025-10-13,Consumer Defensive,0.0,
2025-10-13,Energy,31438660.644531343,
2025-10-13,Financial Services,2400770.44921876,
2025-10-13,Healthcare,45328832.52929687,
2025-10-13,Technology,41298967.8466798,
2025-10-14,Communication Services,4420816.833496126,
2025-10-14,Consumer Cyclical,-20837163.627197146,
2025-10-14,Consumer Defensive,0.0,
2025-10-14,Energy,59894937.74414062,
2025-10-14,Financial Services,0.0,
2025-10-14,Healthcare,3080311.083984476,
2025-10-14,Technology,-68251707.62939441,
2025-10-15,Communication Services,15780907.792968778,
2025-10-15,Consumer Cyclical,-51306247.03183606,
2025-10-15,Consumer Defensive,0.0,
2025-10-15,Energy,-2858860.107421814,
2025-10-15,Financial Services,0.0,
2025-10-15,Healthcare,12993519.18823237,
2025-10-15,Technology,72929521.34033188,
2025-10-16,Communication Services,482830.58837887074,
2025-10-16,Consumer Cyclical,8166085.339453123,
2025-10-16,Consumer Defensive,0.0,
2025-10-16,Energy,-56803598.63281255,
2025-10-16,Financial Services,0.0,
2025-10-16,Healthcare,-6070884.603881786,
2025-10-16,Technology,-11957157.512206912,
2025-10-17,Communication Services,5408050.288085928,
2025-10-17,Consumer Cyclical,-9087789.635937413,
2025-10-17,Consumer Defensive,0.0,
2025-10-17,Energy,-77864598.38867198,
2025-10-17,Financial Services,0.0,
2025-10-17,Healthcare,-65314240.84838864,
2025-10-17,Technology,7220171.850585789,
2025-10-18,Communication Services,0.0,
2025-10-18,Consumer Cyclical,0.0,
2025-10-18,Consumer Defensive,0.0,
2025-10-18,Energy,0.0,
2025-10-18,Financial Services,0.0,
2025-10-18,Healthcare,0.0,
2025-10-18,Technology,0.0,
2025-10-20,Communication Services,9171520.336914035,
2025-10-20,Consumer Cyclical,19821273.951660167,
2025-10-20,Consumer Defensive,0.0,
2025-10-20,Energy,38332979.736328065,
2025-10-20,Financial Services,0.0,
2025-10-20,Healthcare,52523280.93872066,
2025-10-20,Technology,48044001.2695313,
2025-10-21,Communication Services,-16128246.289062439,
2025-10-21,Consumer Cyclical,40186592.2675781,
2025-10-21,Consumer Defensive,0.0,
2025-10-21,Energy,-76665959.47265613,
2025-10-21,Financial Services,0.0,
2025-10-21,Healthcare,47781349.37133786,
2025-10-21,Technology,5877723.559570252,
2025-10-22,Communication Services,3405161.176757806,
2025-10-22,Consumer Cyclical,-27987563.392968677,
2025-10-22,Consumer Defensive,0.0,
2025-10-22,Energy,44352939.6972657,
2025-10-22,Financial Services,0.0,
2025-10-22,Healthcare,-47972711.87255861,
2025-10-22,Technology,-54511193.62792962,
2025-10-23,Communication Services,3432960.0585937174,
2025-10-23,Consumer Cyclical,36083843.17587884,
2025-10-23,Consumer Defensive,0.0,
2025-10-23,Energy,-5721600.097656382,
2025-10-23,Financial Services,0.0,
2025-10-23,Healthcare,-21491760.366821337,
2025-10-23,Technology,71405569.2187499,
2025-10-24,Communication Services,19469989.93652344,
2025-10-24,Consumer Cyclical,-24151402.561083887,
2025-10-24,Consumer Defensive,0.0,
2025-10-24,Energy,44511038.94042976,
2025-10-24,Financial Services,0.0,
2025-10-24,Healthcare,-1845054.3560790718,
2025-10-24,Technology,18005433.17138683,
2025-10-25,Communication Services,0.0,
2025-10-25,Consumer Cyclical,0.0,
2025-10-25,Consumer Defensive,0.0,
2025-10-25,Energy,0.0,
2025-10-25,Financial Services,0.0,
2025-10-25,Healthcare,0.0,
2025-10-25,Technology,0.0,
2025-10-27,Communication Services,27072514.248046923,
2025-10-27,Consumer Cyclical,51329142.14150388,
2025-10-27,Consumer Defensive,0.0,
2025-10-27,Energy,-34487279.29687503,
2025-10-27,Financial Services,0.0,
2025-10-27,Healthcare,23250174.125976644,
2025-10-27,Technology,62910545.317382835,
2025-10-28,Basic Materials,0.0,
2025-10-28,Communication Services,-4292909.912109375,
2025-10-28,Consumer Cyclical,-16661069.56289071,
2025-10-28,Consumer Defensive,0.0,
2025-10-28,Energy,145958937.0117187,
2025-10-28,Financial Services,0.0,
2025-10-28,Healthcare,-3470102.1789552467,
2025-10-28,Technology,65738760.45410158,
2025-10-29,Basic Materials,-651953.4706054677,
2025-10-29,Communication Services,19222075.20507815,
2025-10-29,Consumer Cyclical,-32872600.540624976,
2025-10-29,Consumer Defensive,0.0,
2025-10-29,Energy,21389549.560546927,
2025-10-29,Financial Services,0.0,
2025-10-29,Healthcare,-61224020.69213863,
2025-10-29,Technology,1597086.3671875065,
2025-10-30,Basic Materials,-32253826.721191365,
2025-10-30,Communication Services,19167174.731445204,
2025-10-30,Consumer Cyclical,-15975113.893554684,
2025-10-30,Consumer Defensive,0.0,
2025-10-30,Energy,15664110.107421795,
2025-10-30,Financial Services,0.0,
2025-10-30,Healthcare,-34738724.188232385,
2025-10-30,Technology,-32752230.22460954,
2025-10-31,Basic Materials,26059566.35742185,
2025-10-31,Communication Services,-569608.0078123867,
2025-10-31,Consumer Cyclical,-12930101.777343718,
2025-10-31,Consumer Defensive,0.0,
2025-10-31,Energy,-2848040.039062439,
2025-10-31,Financial Services,0.0,
2025-10-31,Healthcare,1039534.6142578349,
2025-10-31,Technology,5211913.271484512,
2025-11-01,Basic Materials,0.0,
2025-11-01,Communication Services,0.0,
2025-11-01,Consumer Cyclical,0.0,
2025-11-01,Consumer Defensive,0.0,
2025-11-01,Energy,0.0,
2025-11-01,Financial Services,0.0,
2025-11-01,Healthcare,0.0,
2025-11-01,Technology,0.0,
2025-11-03,Basic Materials,-3211132.5988769224,
2025-11-03,Communication Services,16412455.505371174,
2025-11-03,Consumer Cyclical,-16521491.296728518,
2025-11-03,Consumer Defensive,0.0,
2025-11-03,Energy,-88484542.72460926,
2025-11-03,Financial Services,0.0,
2025-11-03,Healthcare,-9312284.536743136,
2025-11-03,Technology,-8934084.475097744,
2025-11-04,Basic Materials,-39225225.69580089,
2025-11-04,Communication Services,-43297790.1123047,
2025-11-04,Consumer Cyclical,-8502942.913671851,
2025-11-04,Consumer Defensive,0.0,
2025-11-04,Energy,-70019528.56445315,
2025-11-04,Financial Services,0.0,
2025-11-04,Healthcare,-17512026.99096687,
2025-11-04,Technology,-111145284.32128894,
2025-11-05,Basic Materials,-10150660.913085913,
2025-11-05,Communication Services,48161646.459960915,
2025-11-05,Consumer Cyclical,-3562666.0089844414,
2025-11-05,Consumer Defensive,0.0,
2025-11-05,Energy,14398100.585937448,
2025-11-05,Financial Services,0.0,
2025-11-05,Healthcare,439142.06787114963,
2025-11-05,Technology,40948198.06640631,
2025-11-06,Basic Materials,-34337798.76708976,
2025-11-06,Communication Services,4247232.9711912265,
2025-11-06,Consumer Cyclical,-70636523.40087897,
2025-11-06,Consumer Defensive,0.0,
2025-11-06,Energy,-89263879.39453113,
2025-11-06,Financial Services,0.0,
2025-11-06,Healthcare,-24986687.530517604,
2025-11-06,Technology,-36310242.55371093,
2025-11-07,Basic Materials,13899840.234375013,
2025-11-07,Communication Services,-40830780.688476466,
2025-11-07,Consumer Cyclical,-16455673.357470673,
2025-11-07,Consumer Defensive,0.0,
2025-11-07,Energy,46332800.781249784,
2025-11-07,Financial Services,0.0,
2025-11-07,Healthcare,36841816.12121572,
2025-11-07,Technology,22963694.38720701,
2025-11-08,Basic Materials,0.0,
2025-11-08,Communication Services,0.0,
2025-11-08,Consumer Cyclical,0.0,
2025-11-08,Consumer Defensive,0.0,
2025-11-08,Energy,0.0,
2025-11-08,Financial Services,0.0,
2025-11-08,Healthcare,0.0,
2025-11-08,Technology,0.0,
2025-11-10,Basic Materials,-5452500.0,
2025-11-10,Communication Services,79170299.99999991,
2025-11-10,Consumer Cyclical,-6534857.599999965,
2025-11-10,Consumer Defensive,0.0,
2025-11-10,Energy,56706000.00000008,
2025-11-10,Financial Services,1744800.0000000144,
2025-11-10,Healthcare,-103224200.03999999,
2025-11-10,Technology,26666359.999999944,
2025-11-11,Basic Materials,22933416.961669862,
2025-11-11,Communication Services,8372517.303467046,
2025-11-11,Consumer Cyclical,6795863.088476611,
2025-11-11,Consumer Defensive,0.0,
2025-11-11,Energy,-21841349.48730474,
2025-11-11,Financial Services,6115577.856445286,
2025-11-11,Healthcare,32969924.75627687,
2025-11-11,Technology,-10250873.359375007,
2025-11-12,Basic Materials,-17079935.2990722,
2025-11-12,Communication Services,-76108366.42346205,
2025-11-12,Consumer Cyclical,121338306.5957518,
2025-11-12,Consumer Defensive,0.0,
2025-11-12,Energy,-53584110.742187396,
2025-11-12,Financial Services,-3349006.921386725,
2025-11-12,Healthcare,54949486.303137235,
2025-11-12,Technology,-3873199.3090820885,
